class,depth,seed,return_code,time_taken,status,total_tests,ok_tests,failed_tests,node_covered,nc,total_nodes,edge_covered,ec,total_edges,trie_total_path,total_ic,ic,total_bc,bc
SimpleCounterBES,1,a6d4a02,0,1.2167680263519287,ok,2,2,0,3,37,8,2,18,11,2,34.48275862068966,34.48275862068966,0.0,0.0
SimpleCounterBES,1,524e971f,0,1.011366844177246,ok,2,2,0,3,37,8,2,18,11,2,34.48275862068966,34.48275862068966,0.0,0.0
SimpleCounterBES,1,d6a969c,0,1.4093420505523682,ok,2,2,0,3,37,8,2,18,11,2,34.48275862068966,34.48275862068966,0.0,0.0
SimpleCounterBES,1,7af605f4,0,1.530864953994751,ok,2,2,0,3,37,8,2,18,11,2,34.48275862068966,34.48275862068966,0.0,0.0
SimpleCounterBES,1,7dbbf799,0,1.4739530086517334,ok,2,2,0,3,37,8,2,18,11,2,34.48275862068966,34.48275862068966,0.0,0.0
SimpleCounterBES,1,6d48847f,0,1.3254849910736084,ok,2,2,0,3,37,8,2,18,11,2,34.48275862068966,34.48275862068966,0.0,0.0
SimpleCounterBES,1,3594d46c,0,1.0139949321746826,ok,2,2,0,3,37,8,2,18,11,2,34.48275862068966,34.48275862068966,0.0,0.0
SimpleCounterBES,1,6b31d76e,0,1.2097740173339844,ok,2,2,0,3,37,8,2,18,11,2,34.48275862068966,34.48275862068966,0.0,0.0
SimpleCounterBES,1,4c7603e8,0,1.1152558326721191,ok,2,2,0,3,37,8,2,18,11,2,34.48275862068966,34.48275862068966,0.0,0.0
SimpleCounterBES,1,25799510,0,1.1644129753112793,ok,2,2,0,3,37,8,2,18,11,2,34.48275862068966,34.48275862068966,0.0,0.0
SimpleCounterBES,1,718b9030,0,1.1199369430541992,ok,2,2,0,3,37,8,2,18,11,2,34.48275862068966,34.48275862068966,0.0,0.0
SimpleCounterBES,1,6c7c349,0,1.1765429973602295,ok,2,2,0,3,37,8,2,18,11,2,34.48275862068966,34.48275862068966,0.0,0.0
SimpleCounterBES,1,4473c16c,0,1.1239280700683594,ok,2,2,0,3,37,8,2,18,11,2,34.48275862068966,34.48275862068966,0.0,0.0
SimpleCounterBES,1,674cc708,0,1.0627830028533936,ok,2,2,0,3,37,8,2,18,11,2,34.48275862068966,34.48275862068966,0.0,0.0
SimpleCounterBES,1,78f12db1,0,1.1640148162841797,ok,2,2,0,3,37,8,2,18,11,2,34.48275862068966,34.48275862068966,0.0,0.0
SimpleCounterBES,1,5d184e5,0,1.17750883102417,ok,2,2,0,3,37,8,2,18,11,2,34.48275862068966,34.48275862068966,0.0,0.0
SimpleCounterBES,1,6bfc9d6f,0,1.2104599475860596,ok,2,2,0,3,37,8,2,18,11,2,34.48275862068966,34.48275862068966,0.0,0.0
SimpleCounterBES,1,74674ef2,0,1.173161268234253,ok,2,2,0,3,37,8,2,18,11,2,34.48275862068966,34.48275862068966,0.0,0.0
SimpleCounterBES,1,7e0d9df,0,1.1182341575622559,ok,2,2,0,3,37,8,2,18,11,2,34.48275862068966,34.48275862068966,0.0,0.0
SimpleCounterBES,1,59364c1,0,1.0680370330810547,ok,2,2,0,3,37,8,2,18,11,2,34.48275862068966,34.48275862068966,0.0,0.0
SimpleCounterBES,1,195dd4b8,0,1.2737562656402588,ok,2,2,0,3,37,8,2,18,11,2,34.48275862068966,34.48275862068966,0.0,0.0
SimpleCounterBES,1,6ca97fab,0,1.0512161254882812,ok,2,2,0,3,37,8,2,18,11,2,34.48275862068966,34.48275862068966,0.0,0.0
SimpleCounterBES,1,3988895e,0,1.1054861545562744,ok,2,2,0,3,37,8,2,18,11,2,34.48275862068966,34.48275862068966,0.0,0.0
SimpleCounterBES,1,4cb3dfa6,0,1.1632120609283447,ok,2,2,0,3,37,8,2,18,11,2,34.48275862068966,34.48275862068966,0.0,0.0
SimpleCounterBES,1,4089136b,0,1.1734399795532227,ok,2,2,0,3,37,8,2,18,11,2,34.48275862068966,34.48275862068966,0.0,0.0
SimpleCounterBES,1,256dfd4,0,1.1158289909362793,ok,2,2,0,3,37,8,2,18,11,2,34.48275862068966,34.48275862068966,0.0,0.0
SimpleCounterBES,1,7411ddd,0,1.1544198989868164,ok,2,2,0,3,37,8,2,18,11,2,34.48275862068966,34.48275862068966,0.0,0.0
SimpleCounterBES,1,2357f0de,0,1.0753440856933594,ok,2,2,0,3,37,8,2,18,11,2,34.48275862068966,34.48275862068966,0.0,0.0
SimpleCounterBES,1,6bdcd8b7,0,1.1240549087524414,ok,2,2,0,3,37,8,2,18,11,2,34.48275862068966,34.48275862068966,0.0,0.0
SimpleCounterBES,1,33449f6c,0,1.2600657939910889,ok,2,2,0,3,37,8,2,18,11,2,34.48275862068966,34.48275862068966,0.0,0.0
SimpleCounterBES,2,5292de8f,0,1.1014702320098877,ok,5,5,0,4,50,8,4,36,11,5,70.6896551724138,70.6896551724138,16.666666666666664,16.666666666666664
SimpleCounterBES,2,1e86aa63,0,1.0372180938720703,ok,5,5,0,4,50,8,4,36,11,5,70.6896551724138,70.6896551724138,16.666666666666664,16.666666666666664
SimpleCounterBES,2,56c6c1fe,0,1.2726759910583496,ok,5,5,0,4,50,8,4,36,11,5,70.6896551724138,70.6896551724138,16.666666666666664,16.666666666666664
SimpleCounterBES,2,3f353406,0,1.1140828132629395,ok,5,5,0,4,50,8,4,36,11,5,70.6896551724138,70.6896551724138,16.666666666666664,16.666666666666664
SimpleCounterBES,2,4f1a2d18,0,1.108924150466919,ok,5,5,0,4,50,8,4,36,11,5,70.6896551724138,70.6896551724138,16.666666666666664,16.666666666666664
SimpleCounterBES,2,6f75b2a3,0,1.1172499656677246,ok,5,5,0,4,50,8,4,36,11,5,70.6896551724138,70.6896551724138,16.666666666666664,16.666666666666664
SimpleCounterBES,2,212b49c,0,1.1055090427398682,ok,5,5,0,4,50,8,4,36,11,5,70.6896551724138,70.6896551724138,16.666666666666664,16.666666666666664
SimpleCounterBES,2,36de3cdb,0,1.1219749450683594,ok,5,5,0,4,50,8,4,36,11,5,70.6896551724138,70.6896551724138,16.666666666666664,16.666666666666664
SimpleCounterBES,2,452eb8d3,0,1.2183070182800293,ok,5,5,0,4,50,8,4,36,11,5,70.6896551724138,70.6896551724138,16.666666666666664,16.666666666666664
SimpleCounterBES,2,37fedda6,0,1.1610209941864014,ok,5,5,0,4,50,8,4,36,11,5,70.6896551724138,70.6896551724138,16.666666666666664,16.666666666666664
SimpleCounterBES,2,200de9fe,0,1.1296591758728027,ok,5,5,0,4,50,8,4,36,11,5,70.6896551724138,70.6896551724138,16.666666666666664,16.666666666666664
SimpleCounterBES,2,560c2e5e,0,1.1736528873443604,ok,5,5,0,4,50,8,4,36,11,5,70.6896551724138,70.6896551724138,16.666666666666664,16.666666666666664
SimpleCounterBES,2,3262f1a9,0,1.1199030876159668,ok,5,5,0,4,50,8,4,36,11,5,70.6896551724138,70.6896551724138,16.666666666666664,16.666666666666664
SimpleCounterBES,2,49fde9ef,0,1.1289970874786377,ok,5,5,0,4,50,8,4,36,11,5,70.6896551724138,70.6896551724138,16.666666666666664,16.666666666666664
SimpleCounterBES,2,174c840,0,1.179563045501709,ok,5,5,0,4,50,8,4,36,11,5,70.6896551724138,70.6896551724138,16.666666666666664,16.666666666666664
SimpleCounterBES,2,713fb386,0,1.1264030933380127,ok,5,5,0,4,50,8,4,36,11,5,70.6896551724138,70.6896551724138,16.666666666666664,16.666666666666664
SimpleCounterBES,2,3eef5b2b,0,1.2696669101715088,ok,5,5,0,4,50,8,4,36,11,5,70.6896551724138,70.6896551724138,16.666666666666664,16.666666666666664
SimpleCounterBES,2,54b91c38,0,1.1750307083129883,ok,5,5,0,4,50,8,4,36,11,5,70.6896551724138,70.6896551724138,16.666666666666664,16.666666666666664
SimpleCounterBES,2,21bcb350,0,1.10080885887146,ok,5,5,0,4,50,8,4,36,11,5,70.6896551724138,70.6896551724138,16.666666666666664,16.666666666666664
SimpleCounterBES,2,6c18c4b7,0,1.0611648559570312,ok,5,5,0,4,50,8,4,36,11,5,70.6896551724138,70.6896551724138,16.666666666666664,16.666666666666664
SimpleCounterBES,2,6d4e01c5,0,1.2615559101104736,ok,5,5,0,4,50,8,4,36,11,5,70.6896551724138,70.6896551724138,16.666666666666664,16.666666666666664
SimpleCounterBES,2,4c89958a,0,1.1662020683288574,ok,5,5,0,4,50,8,4,36,11,5,70.6896551724138,70.6896551724138,16.666666666666664,16.666666666666664
SimpleCounterBES,2,34c1a1c5,0,1.1110687255859375,ok,5,5,0,4,50,8,4,36,11,5,70.6896551724138,70.6896551724138,16.666666666666664,16.666666666666664
SimpleCounterBES,2,508eb2cf,0,1.1764140129089355,ok,5,5,0,4,50,8,4,36,11,5,70.6896551724138,70.6896551724138,16.666666666666664,16.666666666666664
SimpleCounterBES,2,3079d7d2,0,1.1110141277313232,ok,5,5,0,4,50,8,4,36,11,5,70.6896551724138,70.6896551724138,16.666666666666664,16.666666666666664
SimpleCounterBES,2,274a77fa,0,1.2149159908294678,ok,5,5,0,4,50,8,4,36,11,5,70.6896551724138,70.6896551724138,16.666666666666664,16.666666666666664
SimpleCounterBES,2,5cbb4fe8,0,1.1634697914123535,ok,5,5,0,4,50,8,4,36,11,5,70.6896551724138,70.6896551724138,16.666666666666664,16.666666666666664
SimpleCounterBES,2,5d98d36,0,1.1608660221099854,ok,5,5,0,4,50,8,4,36,11,5,70.6896551724138,70.6896551724138,16.666666666666664,16.666666666666664
SimpleCounterBES,2,79bacbaa,0,1.1150391101837158,ok,5,5,0,4,50,8,4,36,11,5,70.6896551724138,70.6896551724138,16.666666666666664,16.666666666666664
SimpleCounterBES,2,3f819093,0,1.1484651565551758,ok,5,5,0,4,50,8,4,36,11,5,70.6896551724138,70.6896551724138,16.666666666666664,16.666666666666664
SimpleCounterBES,3,6b7e57f4,0,1.223017930984497,ok,7,7,0,5,62,8,5,45,11,7,74.13793103448276,74.13793103448276,33.33333333333333,33.33333333333333
SimpleCounterBES,3,51a3cfaa,0,1.1272218227386475,ok,7,7,0,5,62,8,5,45,11,7,74.13793103448276,74.13793103448276,33.33333333333333,33.33333333333333
SimpleCounterBES,3,6102ef54,0,1.1729521751403809,ok,7,7,0,5,62,8,5,45,11,7,74.13793103448276,74.13793103448276,33.33333333333333,33.33333333333333
SimpleCounterBES,3,7681596f,0,1.2100248336791992,ok,7,7,0,5,62,8,5,45,11,7,74.13793103448276,74.13793103448276,33.33333333333333,33.33333333333333
SimpleCounterBES,3,ff5c687,0,1.1615879535675049,ok,7,7,0,6,75,8,6,54,11,7,81.03448275862068,81.03448275862068,50.0,50.0
SimpleCounterBES,3,2639a711,0,1.1121301651000977,ok,7,7,0,5,62,8,5,45,11,7,74.13793103448276,74.13793103448276,33.33333333333333,33.33333333333333
SimpleCounterBES,3,1b5ceeb3,0,1.1793878078460693,ok,7,7,0,6,75,8,6,54,11,7,81.03448275862068,81.03448275862068,50.0,50.0
SimpleCounterBES,3,d1b1391,0,1.1039400100708008,ok,7,7,0,5,62,8,5,45,11,7,74.13793103448276,74.13793103448276,33.33333333333333,33.33333333333333
SimpleCounterBES,3,2f5ca156,0,1.268362045288086,ok,7,7,0,5,62,8,5,45,11,7,74.13793103448276,74.13793103448276,33.33333333333333,33.33333333333333
SimpleCounterBES,3,5e5949fa,0,1.115048885345459,ok,7,7,0,5,62,8,5,45,11,7,74.13793103448276,74.13793103448276,33.33333333333333,33.33333333333333
SimpleCounterBES,3,5cd9ff0b,0,1.2307250499725342,ok,7,7,0,6,75,8,6,54,11,7,81.03448275862068,81.03448275862068,50.0,50.0
SimpleCounterBES,3,1b7a0d46,0,1.122657060623169,ok,7,7,0,6,75,8,6,54,11,7,81.03448275862068,81.03448275862068,50.0,50.0
SimpleCounterBES,3,f83badc,0,1.0788390636444092,ok,7,7,0,6,75,8,6,54,11,7,81.03448275862068,81.03448275862068,50.0,50.0
SimpleCounterBES,3,e13e147,0,1.2740468978881836,ok,7,7,0,6,75,8,6,54,11,7,81.03448275862068,81.03448275862068,50.0,50.0
SimpleCounterBES,3,18756f9a,0,1.1803488731384277,ok,7,7,0,5,62,8,5,45,11,7,74.13793103448276,74.13793103448276,33.33333333333333,33.33333333333333
SimpleCounterBES,3,49726489,0,1.2249672412872314,ok,7,7,0,6,75,8,6,54,11,7,81.03448275862068,81.03448275862068,50.0,50.0
SimpleCounterBES,3,581cbeb1,0,1.2246837615966797,ok,7,7,0,6,75,8,6,54,11,7,81.03448275862068,81.03448275862068,50.0,50.0
SimpleCounterBES,3,7589150,0,1.169416904449463,ok,7,7,0,6,75,8,6,54,11,7,81.03448275862068,81.03448275862068,50.0,50.0
SimpleCounterBES,3,48d2a0ca,0,1.1127150058746338,ok,7,7,0,6,75,8,6,54,11,7,81.03448275862068,81.03448275862068,50.0,50.0
SimpleCounterBES,3,316845c2,0,1.110802173614502,ok,7,7,0,6,75,8,6,54,11,7,81.03448275862068,81.03448275862068,50.0,50.0
SimpleCounterBES,3,5214b6f,0,1.2645480632781982,ok,7,7,0,6,75,8,6,54,11,7,81.03448275862068,81.03448275862068,50.0,50.0
SimpleCounterBES,3,12b1c6a4,0,1.1197278499603271,ok,7,7,0,6,75,8,6,54,11,7,81.03448275862068,81.03448275862068,50.0,50.0
SimpleCounterBES,3,6876afa1,0,1.3129217624664307,ok,7,7,0,6,75,8,6,54,11,7,81.03448275862068,81.03448275862068,50.0,50.0
SimpleCounterBES,3,52eacf77,0,1.1619043350219727,ok,7,7,0,5,62,8,5,45,11,7,74.13793103448276,74.13793103448276,33.33333333333333,33.33333333333333
SimpleCounterBES,3,5549de65,0,1.2699880599975586,ok,7,7,0,6,75,8,6,54,11,7,81.03448275862068,81.03448275862068,50.0,50.0
SimpleCounterBES,3,1e539532,0,1.125352144241333,ok,7,7,0,5,62,8,5,45,11,7,74.13793103448276,74.13793103448276,33.33333333333333,33.33333333333333
SimpleCounterBES,3,3b675475,0,1.1709680557250977,ok,7,7,0,6,75,8,6,54,11,7,81.03448275862068,81.03448275862068,50.0,50.0
SimpleCounterBES,3,3993aab5,0,1.125849962234497,ok,7,7,0,6,75,8,6,54,11,7,81.03448275862068,81.03448275862068,50.0,50.0
SimpleCounterBES,3,27ea5be9,0,1.125817060470581,ok,7,7,0,6,75,8,6,54,11,7,81.03448275862068,81.03448275862068,50.0,50.0
SimpleCounterBES,3,61cc27d,0,1.2143499851226807,ok,7,7,0,6,75,8,6,54,11,7,81.03448275862068,81.03448275862068,50.0,50.0
SimpleCounterBES,4,4d6177,0,1.2297508716583252,ok,8,8,0,6,75,8,6,54,11,8,98.27586206896551,98.27586206896551,83.33333333333334,83.33333333333334
SimpleCounterBES,4,d07dfc8,0,1.0719120502471924,ok,8,8,0,6,75,8,6,54,11,8,98.27586206896551,98.27586206896551,83.33333333333334,83.33333333333334
SimpleCounterBES,4,741e8753,0,1.2601728439331055,ok,8,8,0,5,62,8,5,45,11,8,74.13793103448276,74.13793103448276,33.33333333333333,33.33333333333333
SimpleCounterBES,4,34726d76,0,1.164381980895996,ok,8,8,0,5,62,8,5,45,11,8,74.13793103448276,74.13793103448276,33.33333333333333,33.33333333333333
SimpleCounterBES,4,75a9b566,0,1.1717188358306885,ok,8,8,0,5,62,8,5,45,11,8,74.13793103448276,74.13793103448276,33.33333333333333,33.33333333333333
SimpleCounterBES,4,76fa7cbe,0,1.128061056137085,ok,8,8,0,5,62,8,5,45,11,8,74.13793103448276,74.13793103448276,33.33333333333333,33.33333333333333
SimpleCounterBES,4,2a80d41e,0,1.1249268054962158,ok,8,8,0,5,62,8,5,45,11,8,74.13793103448276,74.13793103448276,33.33333333333333,33.33333333333333
SimpleCounterBES,4,43dc8bd6,0,1.118485927581787,ok,8,8,0,5,62,8,5,45,11,8,74.13793103448276,74.13793103448276,33.33333333333333,33.33333333333333
SimpleCounterBES,4,65389da9,0,1.2575788497924805,ok,8,8,0,5,62,8,5,45,11,8,74.13793103448276,74.13793103448276,33.33333333333333,33.33333333333333
SimpleCounterBES,4,42784f6f,0,1.1655161380767822,ok,8,8,0,5,62,8,5,45,11,8,74.13793103448276,74.13793103448276,33.33333333333333,33.33333333333333
SimpleCounterBES,4,5a66873c,0,1.1701228618621826,ok,8,8,0,5,62,8,5,45,11,8,74.13793103448276,74.13793103448276,33.33333333333333,33.33333333333333
SimpleCounterBES,4,6329fbb3,0,1.322890043258667,ok,8,8,0,6,75,8,6,54,11,8,98.27586206896551,98.27586206896551,83.33333333333334,83.33333333333334
SimpleCounterBES,4,76c475b7,0,1.1799778938293457,ok,8,8,0,5,62,8,5,45,11,8,74.13793103448276,74.13793103448276,33.33333333333333,33.33333333333333
SimpleCounterBES,4,16866cdd,0,1.2179818153381348,ok,8,8,0,6,75,8,6,54,11,8,98.27586206896551,98.27586206896551,83.33333333333334,83.33333333333334
SimpleCounterBES,4,14c31b5f,0,1.2144811153411865,ok,8,8,0,5,62,8,5,45,11,8,74.13793103448276,74.13793103448276,33.33333333333333,33.33333333333333
SimpleCounterBES,4,5c397b6,0,1.1132421493530273,ok,8,8,0,6,75,8,6,54,11,8,98.27586206896551,98.27586206896551,83.33333333333334,83.33333333333334
SimpleCounterBES,4,50eecdb5,0,1.308297872543335,ok,8,8,0,6,75,8,6,54,11,8,98.27586206896551,98.27586206896551,83.33333333333334,83.33333333333334
SimpleCounterBES,4,7b113682,0,1.1249301433563232,ok,8,8,0,6,75,8,6,54,11,8,98.27586206896551,98.27586206896551,83.33333333333334,83.33333333333334
SimpleCounterBES,4,7547a986,0,1.283139705657959,ok,8,8,0,5,62,8,5,45,11,8,74.13793103448276,74.13793103448276,33.33333333333333,33.33333333333333
SimpleCounterBES,4,1e050aa2,0,1.1233398914337158,ok,8,8,0,5,62,8,5,45,11,8,74.13793103448276,74.13793103448276,33.33333333333333,33.33333333333333
SimpleCounterBES,4,1ae33039,0,1.0994858741760254,ok,8,8,0,5,62,8,5,45,11,8,74.13793103448276,74.13793103448276,33.33333333333333,33.33333333333333
SimpleCounterBES,4,7753f6c2,0,1.1534287929534912,ok,8,8,0,6,75,8,6,54,11,8,98.27586206896551,98.27586206896551,83.33333333333334,83.33333333333334
SimpleCounterBES,4,f167248,0,1.2193069458007812,ok,8,8,0,6,75,8,6,54,11,8,98.27586206896551,98.27586206896551,83.33333333333334,83.33333333333334
SimpleCounterBES,4,4ba49e03,0,1.167870044708252,ok,8,8,0,5,62,8,5,45,11,8,74.13793103448276,74.13793103448276,33.33333333333333,33.33333333333333
SimpleCounterBES,4,765793bf,0,1.168870210647583,ok,8,8,0,5,62,8,5,45,11,8,74.13793103448276,74.13793103448276,33.33333333333333,33.33333333333333
SimpleCounterBES,4,189d34ef,0,1.2697951793670654,ok,8,8,0,5,62,8,5,45,11,8,74.13793103448276,74.13793103448276,33.33333333333333,33.33333333333333
SimpleCounterBES,4,2ab0fd94,0,1.13053297996521,ok,8,8,0,5,62,8,5,45,11,8,74.13793103448276,74.13793103448276,33.33333333333333,33.33333333333333
SimpleCounterBES,4,1b6c12f,0,1.1095259189605713,ok,8,8,0,6,75,8,6,54,11,8,98.27586206896551,98.27586206896551,83.33333333333334,83.33333333333334
SimpleCounterBES,4,5d410e7c,0,1.1204118728637695,ok,8,8,0,6,75,8,6,54,11,8,98.27586206896551,98.27586206896551,83.33333333333334,83.33333333333334
SimpleCounterBES,4,2b428a62,0,1.2941398620605469,ok,8,8,0,5,62,8,5,45,11,8,74.13793103448276,74.13793103448276,33.33333333333333,33.33333333333333
SimpleCounterBES,5,79a4a815,0,1.1287150382995605,ok,8,8,0,6,75,8,7,63,11,8,98.27586206896551,98.27586206896551,83.33333333333334,83.33333333333334
SimpleCounterBES,5,563e5ba8,0,1.1673099994659424,ok,8,8,0,6,75,8,7,63,11,8,98.27586206896551,98.27586206896551,83.33333333333334,83.33333333333334
SimpleCounterBES,5,5a2a8e2b,0,1.1167938709259033,ok,8,8,0,5,62,8,5,45,11,8,74.13793103448276,74.13793103448276,33.33333333333333,33.33333333333333
SimpleCounterBES,5,776ba4f5,0,1.1670820713043213,ok,8,8,0,5,62,8,5,45,11,8,74.13793103448276,74.13793103448276,33.33333333333333,33.33333333333333
SimpleCounterBES,5,25e7ca2d,0,1.1614620685577393,ok,8,8,0,6,75,8,7,63,11,8,98.27586206896551,98.27586206896551,83.33333333333334,83.33333333333334
SimpleCounterBES,5,18e17317,0,1.0608623027801514,ok,8,8,0,5,62,8,5,45,11,8,74.13793103448276,74.13793103448276,33.33333333333333,33.33333333333333
SimpleCounterBES,5,2c7c2eff,0,1.1680669784545898,ok,8,8,0,6,75,8,7,63,11,8,98.27586206896551,98.27586206896551,83.33333333333334,83.33333333333334
SimpleCounterBES,5,636adb71,0,1.2119321823120117,ok,8,8,0,6,75,8,7,63,11,8,98.27586206896551,98.27586206896551,83.33333333333334,83.33333333333334
SimpleCounterBES,5,5f5722f7,0,1.1377229690551758,ok,8,8,0,6,75,8,7,63,11,8,98.27586206896551,98.27586206896551,83.33333333333334,83.33333333333334
SimpleCounterBES,5,590b2fcd,0,1.116588830947876,ok,8,8,0,6,75,8,7,63,11,8,98.27586206896551,98.27586206896551,83.33333333333334,83.33333333333334
SimpleCounterBES,5,5733bbd3,0,1.2192721366882324,ok,8,8,0,6,75,8,7,63,11,8,98.27586206896551,98.27586206896551,83.33333333333334,83.33333333333334
SimpleCounterBES,5,47104d89,0,1.1692359447479248,ok,8,8,0,6,75,8,7,63,11,8,98.27586206896551,98.27586206896551,83.33333333333334,83.33333333333334
SimpleCounterBES,5,22d6f505,0,1.1549742221832275,ok,8,8,0,5,62,8,5,45,11,8,74.13793103448276,74.13793103448276,33.33333333333333,33.33333333333333
SimpleCounterBES,5,51167451,0,1.1709108352661133,ok,8,8,0,6,75,8,7,63,11,8,98.27586206896551,98.27586206896551,83.33333333333334,83.33333333333334
SimpleCounterBES,5,186b102f,0,1.1169891357421875,ok,8,8,0,6,75,8,7,63,11,8,98.27586206896551,98.27586206896551,83.33333333333334,83.33333333333334
SimpleCounterBES,5,1f229f73,0,1.1617169380187988,ok,8,8,0,5,62,8,5,45,11,8,74.13793103448276,74.13793103448276,33.33333333333333,33.33333333333333
SimpleCounterBES,5,44ebbed2,0,1.160905122756958,ok,8,8,0,6,75,8,7,63,11,8,98.27586206896551,98.27586206896551,83.33333333333334,83.33333333333334
SimpleCounterBES,5,2f6370f0,0,1.171452283859253,ok,8,8,0,5,62,8,5,45,11,8,74.13793103448276,74.13793103448276,33.33333333333333,33.33333333333333
SimpleCounterBES,5,215315d9,0,1.2218430042266846,ok,8,8,0,6,75,8,7,63,11,8,98.27586206896551,98.27586206896551,83.33333333333334,83.33333333333334
SimpleCounterBES,5,5b65c6f4,0,1.1138062477111816,ok,8,8,0,5,62,8,5,45,11,8,74.13793103448276,74.13793103448276,33.33333333333333,33.33333333333333
SimpleCounterBES,5,77ac39da,0,1.070993185043335,ok,8,8,0,6,75,8,7,63,11,8,98.27586206896551,98.27586206896551,83.33333333333334,83.33333333333334
SimpleCounterBES,5,561d6cc2,0,1.3194580078125,ok,8,8,0,6,75,8,7,63,11,8,98.27586206896551,98.27586206896551,83.33333333333334,83.33333333333334
SimpleCounterBES,5,4cdd8795,0,1.1239888668060303,ok,8,8,0,6,75,8,7,63,11,8,98.27586206896551,98.27586206896551,83.33333333333334,83.33333333333334
SimpleCounterBES,5,6bb278ba,0,1.1735517978668213,ok,8,8,0,5,62,8,5,45,11,8,74.13793103448276,74.13793103448276,33.33333333333333,33.33333333333333
SimpleCounterBES,5,734c1389,0,1.1518819332122803,ok,8,8,0,6,75,8,7,63,11,8,98.27586206896551,98.27586206896551,83.33333333333334,83.33333333333334
SimpleCounterBES,5,30725231,0,1.114941120147705,ok,8,8,0,5,62,8,5,45,11,8,74.13793103448276,74.13793103448276,33.33333333333333,33.33333333333333
SimpleCounterBES,5,4ca5f7ad,0,1.2650930881500244,ok,8,8,0,6,75,8,7,63,11,8,98.27586206896551,98.27586206896551,83.33333333333334,83.33333333333334
SimpleCounterBES,5,2f907889,0,1.1235899925231934,ok,8,8,0,5,62,8,5,45,11,8,74.13793103448276,74.13793103448276,33.33333333333333,33.33333333333333
SimpleCounterBES,5,20376b94,0,1.2254071235656738,ok,8,8,0,5,62,8,5,45,11,8,74.13793103448276,74.13793103448276,33.33333333333333,33.33333333333333
SimpleCounterBES,5,6210c741,0,1.2330067157745361,ok,8,8,0,5,62,8,5,45,11,8,74.13793103448276,74.13793103448276,33.33333333333333,33.33333333333333
SimpleCounterBES,6,904eec3,0,1.1134469509124756,ok,8,8,0,5,62,8,5,45,11,8,74.13793103448276,74.13793103448276,33.33333333333333,33.33333333333333
SimpleCounterBES,6,2c2aef47,0,1.206941843032837,ok,8,8,0,5,62,8,5,45,11,8,74.13793103448276,74.13793103448276,33.33333333333333,33.33333333333333
SimpleCounterBES,6,23e4b006,0,1.1655089855194092,ok,8,8,0,5,62,8,5,45,11,8,74.13793103448276,74.13793103448276,33.33333333333333,33.33333333333333
SimpleCounterBES,6,36eb053a,0,1.1729049682617188,ok,8,8,0,5,62,8,5,45,11,8,74.13793103448276,74.13793103448276,33.33333333333333,33.33333333333333
SimpleCounterBES,6,47a470a3,0,1.2545428276062012,ok,8,8,0,6,75,8,7,63,11,8,98.27586206896551,98.27586206896551,83.33333333333334,83.33333333333334
SimpleCounterBES,6,6c4428bc,0,1.1669671535491943,ok,8,8,0,5,62,8,5,45,11,8,74.13793103448276,74.13793103448276,33.33333333333333,33.33333333333333
SimpleCounterBES,6,6e4382bd,0,1.163282871246338,ok,8,8,0,5,62,8,5,45,11,8,74.13793103448276,74.13793103448276,33.33333333333333,33.33333333333333
SimpleCounterBES,6,6c3cdb2f,0,1.2159907817840576,ok,8,8,0,5,62,8,5,45,11,8,74.13793103448276,74.13793103448276,33.33333333333333,33.33333333333333
SimpleCounterBES,6,36e7c07c,0,1.0621960163116455,ok,8,8,0,5,62,8,5,45,11,8,74.13793103448276,74.13793103448276,33.33333333333333,33.33333333333333
SimpleCounterBES,6,78972734,0,1.1607940196990967,ok,8,8,0,6,75,8,7,63,11,8,98.27586206896551,98.27586206896551,83.33333333333334,83.33333333333334
SimpleCounterBES,6,39c03043,0,1.162053108215332,ok,8,8,0,6,75,8,7,63,11,8,98.27586206896551,98.27586206896551,83.33333333333334,83.33333333333334
SimpleCounterBES,6,1c38ea7f,0,1.1149120330810547,ok,8,8,0,6,75,8,7,63,11,8,98.27586206896551,98.27586206896551,83.33333333333334,83.33333333333334
SimpleCounterBES,6,2fef96ca,0,1.2189059257507324,ok,8,8,0,6,75,8,7,63,11,8,98.27586206896551,98.27586206896551,83.33333333333334,83.33333333333334
SimpleCounterBES,6,6caddc3,0,1.1725518703460693,ok,8,8,0,6,75,8,7,63,11,8,98.27586206896551,98.27586206896551,83.33333333333334,83.33333333333334
SimpleCounterBES,6,7e396294,0,1.1190102100372314,ok,8,8,0,6,75,8,7,63,11,8,98.27586206896551,98.27586206896551,83.33333333333334,83.33333333333334
SimpleCounterBES,6,325b648e,0,1.2889981269836426,ok,8,8,0,6,75,8,7,63,11,8,98.27586206896551,98.27586206896551,83.33333333333334,83.33333333333334
SimpleCounterBES,6,5dd80958,0,1.1815078258514404,ok,8,8,0,6,75,8,7,63,11,8,98.27586206896551,98.27586206896551,83.33333333333334,83.33333333333334
SimpleCounterBES,6,27dc92a8,0,1.1134848594665527,ok,8,8,0,5,62,8,5,45,11,8,74.13793103448276,74.13793103448276,33.33333333333333,33.33333333333333
SimpleCounterBES,6,1a04733,0,1.215972900390625,ok,8,8,0,6,75,8,7,63,11,8,98.27586206896551,98.27586206896551,83.33333333333334,83.33333333333334
SimpleCounterBES,6,49cb9ea5,0,1.0977559089660645,ok,8,8,0,6,75,8,7,63,11,8,98.27586206896551,98.27586206896551,83.33333333333334,83.33333333333334
SimpleCounterBES,6,40869a63,0,1.3289477825164795,ok,8,8,0,5,62,8,5,45,11,8,74.13793103448276,74.13793103448276,33.33333333333333,33.33333333333333
SimpleCounterBES,6,38e7a13,0,1.2242469787597656,ok,8,8,0,5,62,8,5,45,11,8,74.13793103448276,74.13793103448276,33.33333333333333,33.33333333333333
SimpleCounterBES,6,71b87184,0,1.2501580715179443,ok,8,8,0,5,62,8,5,45,11,8,74.13793103448276,74.13793103448276,33.33333333333333,33.33333333333333
SimpleCounterBES,6,d950df9,0,1.3222990036010742,ok,8,8,0,6,75,8,7,63,11,8,98.27586206896551,98.27586206896551,83.33333333333334,83.33333333333334
SimpleCounterBES,6,7f3549bc,0,1.2699649333953857,ok,8,8,0,6,75,8,7,63,11,8,98.27586206896551,98.27586206896551,83.33333333333334,83.33333333333334
SimpleCounterBES,6,2e1569f0,0,1.2534031867980957,ok,8,8,0,6,75,8,7,63,11,8,98.27586206896551,98.27586206896551,83.33333333333334,83.33333333333334
SimpleCounterBES,6,3dc8632,0,1.2005198001861572,ok,8,8,0,6,75,8,7,63,11,8,98.27586206896551,98.27586206896551,83.33333333333334,83.33333333333334
SimpleCounterBES,6,6e1efd7d,0,1.0578711032867432,ok,8,8,0,6,75,8,7,63,11,8,98.27586206896551,98.27586206896551,83.33333333333334,83.33333333333334
SimpleCounterBES,6,67dc1850,0,1.1663849353790283,ok,8,8,0,5,62,8,5,45,11,8,74.13793103448276,74.13793103448276,33.33333333333333,33.33333333333333
SimpleCounterBES,6,479e4ae,0,1.2177588939666748,ok,8,8,0,6,75,8,7,63,11,8,98.27586206896551,98.27586206896551,83.33333333333334,83.33333333333334
SimpleCounterBES,7,57f27b59,0,1.2217001914978027,ok,8,8,0,5,62,8,5,45,11,8,74.13793103448276,74.13793103448276,33.33333333333333,33.33333333333333
SimpleCounterBES,7,e380ce0,0,1.213421106338501,ok,8,8,0,6,75,8,7,63,11,8,98.27586206896551,98.27586206896551,83.33333333333334,83.33333333333334
SimpleCounterBES,7,63f2d41a,0,1.2132437229156494,ok,8,8,0,6,75,8,7,63,11,8,98.27586206896551,98.27586206896551,83.33333333333334,83.33333333333334
SimpleCounterBES,7,708fe6d6,0,1.2259409427642822,ok,8,8,0,6,75,8,7,63,11,8,98.27586206896551,98.27586206896551,83.33333333333334,83.33333333333334
SimpleCounterBES,7,50e88eca,0,1.1606791019439697,ok,8,8,0,6,75,8,7,63,11,8,98.27586206896551,98.27586206896551,83.33333333333334,83.33333333333334
SimpleCounterBES,7,3e5ac7cd,0,1.1263668537139893,ok,8,8,0,5,62,8,5,45,11,8,74.13793103448276,74.13793103448276,33.33333333333333,33.33333333333333
SimpleCounterBES,7,27aaee74,0,1.1722190380096436,ok,8,8,0,5,62,8,5,45,11,8,74.13793103448276,74.13793103448276,33.33333333333333,33.33333333333333
SimpleCounterBES,7,3a7448df,0,1.2137620449066162,ok,8,8,0,5,62,8,5,45,11,8,74.13793103448276,74.13793103448276,33.33333333333333,33.33333333333333
SimpleCounterBES,7,72f0ddef,0,1.12385892868042,ok,8,8,0,5,62,8,5,45,11,8,74.13793103448276,74.13793103448276,33.33333333333333,33.33333333333333
SimpleCounterBES,7,60c3b2ae,0,1.104828119277954,ok,8,8,0,5,62,8,5,45,11,8,74.13793103448276,74.13793103448276,33.33333333333333,33.33333333333333
SimpleCounterBES,7,76e68bff,0,1.1711113452911377,ok,8,8,0,6,75,8,7,63,11,8,98.27586206896551,98.27586206896551,83.33333333333334,83.33333333333334
SimpleCounterBES,7,1537ba82,0,1.223093032836914,ok,8,8,0,5,62,8,5,45,11,8,74.13793103448276,74.13793103448276,33.33333333333333,33.33333333333333
SimpleCounterBES,7,5cf9525,0,1.1129040718078613,ok,8,8,0,6,75,8,7,63,11,8,98.27586206896551,98.27586206896551,83.33333333333334,83.33333333333334
SimpleCounterBES,7,6ad901d6,0,1.2659258842468262,ok,8,8,0,6,75,8,7,63,11,8,98.27586206896551,98.27586206896551,83.33333333333334,83.33333333333334
SimpleCounterBES,7,38a127d6,0,1.1220059394836426,ok,8,8,0,6,75,8,7,63,11,8,98.27586206896551,98.27586206896551,83.33333333333334,83.33333333333334
SimpleCounterBES,7,70fc6168,0,1.2191221714019775,ok,8,8,0,5,62,8,5,45,11,8,74.13793103448276,74.13793103448276,33.33333333333333,33.33333333333333
SimpleCounterBES,7,1073a4d6,0,1.118401050567627,ok,8,8,0,5,62,8,5,45,11,8,74.13793103448276,74.13793103448276,33.33333333333333,33.33333333333333
SimpleCounterBES,7,486cf6f2,0,1.1284806728363037,ok,8,8,0,6,75,8,7,63,11,8,98.27586206896551,98.27586206896551,83.33333333333334,83.33333333333334
SimpleCounterBES,7,4679ce8b,0,1.169877052307129,ok,8,8,0,6,75,8,7,63,11,8,98.27586206896551,98.27586206896551,83.33333333333334,83.33333333333334
SimpleCounterBES,7,614fef7c,0,1.2658450603485107,ok,8,8,0,6,75,8,7,63,11,8,98.27586206896551,98.27586206896551,83.33333333333334,83.33333333333334
SimpleCounterBES,7,ec74424,0,1.1727440357208252,ok,8,8,0,5,62,8,5,45,11,8,74.13793103448276,74.13793103448276,33.33333333333333,33.33333333333333
SimpleCounterBES,7,6303738a,0,1.2364139556884766,ok,8,8,0,6,75,8,7,63,11,8,98.27586206896551,98.27586206896551,83.33333333333334,83.33333333333334
SimpleCounterBES,7,5b50a94d,0,1.1704692840576172,ok,8,8,0,5,62,8,5,45,11,8,74.13793103448276,74.13793103448276,33.33333333333333,33.33333333333333
SimpleCounterBES,7,4b26e2f6,0,1.1613361835479736,ok,8,8,0,6,75,8,7,63,11,8,98.27586206896551,98.27586206896551,83.33333333333334,83.33333333333334
SimpleCounterBES,7,71b0a1aa,0,1.2211520671844482,ok,8,8,0,5,62,8,5,45,11,8,74.13793103448276,74.13793103448276,33.33333333333333,33.33333333333333
SimpleCounterBES,7,6ab75d6b,0,1.2155609130859375,ok,8,8,0,6,75,8,7,63,11,8,98.27586206896551,98.27586206896551,83.33333333333334,83.33333333333334
SimpleCounterBES,7,65f30697,0,1.0645456314086914,ok,8,8,0,5,62,8,5,45,11,8,74.13793103448276,74.13793103448276,33.33333333333333,33.33333333333333
SimpleCounterBES,7,42c4a196,0,1.2901298999786377,ok,8,8,0,5,62,8,5,45,11,8,74.13793103448276,74.13793103448276,33.33333333333333,33.33333333333333
SimpleCounterBES,7,24d36962,0,1.218188762664795,ok,8,8,0,6,75,8,7,63,11,8,98.27586206896551,98.27586206896551,83.33333333333334,83.33333333333334
SimpleCounterBES,7,3e2f0636,0,1.12168288230896,ok,8,8,0,5,62,8,5,45,11,8,74.13793103448276,74.13793103448276,33.33333333333333,33.33333333333333
SimpleCounterBES,8,67282628,0,1.1607401371002197,ok,8,8,0,6,75,8,7,63,11,8,98.27586206896551,98.27586206896551,83.33333333333334,83.33333333333334
SimpleCounterBES,8,211f5ef5,0,1.1694889068603516,ok,8,8,0,6,75,8,7,63,11,8,98.27586206896551,98.27586206896551,83.33333333333334,83.33333333333334
SimpleCounterBES,8,d5f9af9,0,1.1666259765625,ok,8,8,0,6,75,8,7,63,11,8,98.27586206896551,98.27586206896551,83.33333333333334,83.33333333333334
SimpleCounterBES,8,562df6b,0,1.2137501239776611,ok,8,8,0,5,62,8,5,45,11,8,74.13793103448276,74.13793103448276,33.33333333333333,33.33333333333333
SimpleCounterBES,8,128eb01a,0,1.1295101642608643,ok,8,8,0,6,75,8,7,63,11,8,98.27586206896551,98.27586206896551,83.33333333333334,83.33333333333334
SimpleCounterBES,8,51f81770,0,1.0698857307434082,ok,8,8,0,6,75,8,7,63,11,8,98.27586206896551,98.27586206896551,83.33333333333334,83.33333333333334
SimpleCounterBES,8,75b54a2b,0,1.212510108947754,ok,8,8,0,6,75,8,7,63,11,8,98.27586206896551,98.27586206896551,83.33333333333334,83.33333333333334
SimpleCounterBES,8,6fb75cbd,0,1.1157770156860352,ok,8,8,0,5,62,8,5,45,11,8,74.13793103448276,74.13793103448276,33.33333333333333,33.33333333333333
SimpleCounterBES,8,2f60cbea,0,1.2171812057495117,ok,8,8,0,5,62,8,5,45,11,8,74.13793103448276,74.13793103448276,33.33333333333333,33.33333333333333
SimpleCounterBES,8,44004c3a,0,1.1184909343719482,ok,8,8,0,6,75,8,7,63,11,8,98.27586206896551,98.27586206896551,83.33333333333334,83.33333333333334
SimpleCounterBES,8,629d086b,0,1.2195210456848145,ok,8,8,0,5,62,8,5,45,11,8,74.13793103448276,74.13793103448276,33.33333333333333,33.33333333333333
SimpleCounterBES,8,7a7f36a,0,1.1854171752929688,ok,8,8,0,6,75,8,7,63,11,8,98.27586206896551,98.27586206896551,83.33333333333334,83.33333333333334
SimpleCounterBES,8,3b71041b,0,1.173828125,ok,8,8,0,6,75,8,7,63,11,8,98.27586206896551,98.27586206896551,83.33333333333334,83.33333333333334
SimpleCounterBES,8,3d946b9d,0,1.1681718826293945,ok,8,8,0,5,62,8,5,45,11,8,74.13793103448276,74.13793103448276,33.33333333333333,33.33333333333333
SimpleCounterBES,8,3e2a4a3f,0,1.1612422466278076,ok,8,8,0,6,75,8,7,63,11,8,98.27586206896551,98.27586206896551,83.33333333333334,83.33333333333334
SimpleCounterBES,8,48dd2718,0,1.2070081233978271,ok,8,8,0,5,62,8,5,45,11,8,74.13793103448276,74.13793103448276,33.33333333333333,33.33333333333333
SimpleCounterBES,8,44cfabc1,0,1.1263759136199951,ok,8,8,0,6,75,8,7,63,11,8,98.27586206896551,98.27586206896551,83.33333333333334,83.33333333333334
SimpleCounterBES,8,1edd6634,0,1.2192490100860596,ok,8,8,0,6,75,8,7,63,11,8,98.27586206896551,98.27586206896551,83.33333333333334,83.33333333333334
SimpleCounterBES,8,7a1d9a39,0,1.069823980331421,ok,8,8,0,6,75,8,7,63,11,8,98.27586206896551,98.27586206896551,83.33333333333334,83.33333333333334
SimpleCounterBES,8,76fe39d9,0,1.1611158847808838,ok,8,8,0,6,75,8,7,63,11,8,98.27586206896551,98.27586206896551,83.33333333333334,83.33333333333334
SimpleCounterBES,8,4aaee7c,0,1.1274960041046143,ok,8,8,0,5,62,8,5,45,11,8,74.13793103448276,74.13793103448276,33.33333333333333,33.33333333333333
SimpleCounterBES,8,78dfcc00,0,1.161942958831787,ok,8,8,0,5,62,8,5,45,11,8,74.13793103448276,74.13793103448276,33.33333333333333,33.33333333333333
SimpleCounterBES,8,3638ed51,0,1.2091951370239258,ok,8,8,0,6,75,8,7,63,11,8,98.27586206896551,98.27586206896551,83.33333333333334,83.33333333333334
SimpleCounterBES,8,79658d70,0,1.2665019035339355,ok,8,8,0,5,62,8,5,45,11,8,74.13793103448276,74.13793103448276,33.33333333333333,33.33333333333333
SimpleCounterBES,8,2aa5d14d,0,1.1619739532470703,ok,8,8,0,6,75,8,7,63,11,8,98.27586206896551,98.27586206896551,83.33333333333334,83.33333333333334
SimpleCounterBES,8,22edc588,0,1.103959083557129,ok,8,8,0,6,75,8,7,63,11,8,98.27586206896551,98.27586206896551,83.33333333333334,83.33333333333334
SimpleCounterBES,8,6de01ed3,0,1.2320201396942139,ok,8,8,0,6,75,8,7,63,11,8,98.27586206896551,98.27586206896551,83.33333333333334,83.33333333333334
SimpleCounterBES,8,7ca631d8,0,1.1687099933624268,ok,8,8,0,6,75,8,7,63,11,8,98.27586206896551,98.27586206896551,83.33333333333334,83.33333333333334
SimpleCounterBES,8,32afa225,0,1.2778599262237549,ok,8,8,0,5,62,8,5,45,11,8,74.13793103448276,74.13793103448276,33.33333333333333,33.33333333333333
SimpleCounterBES,8,5c6d57fc,0,1.1168367862701416,ok,8,8,0,5,62,8,5,45,11,8,74.13793103448276,74.13793103448276,33.33333333333333,33.33333333333333
SimpleCounterBES,9,64f67deb,0,1.1623308658599854,ok,8,8,0,5,62,8,5,45,11,8,74.13793103448276,74.13793103448276,33.33333333333333,33.33333333333333
SimpleCounterBES,9,27223bd1,0,1.2801520824432373,ok,8,8,0,5,62,8,5,45,11,8,74.13793103448276,74.13793103448276,33.33333333333333,33.33333333333333
SimpleCounterBES,9,126755fa,0,1.1705353260040283,ok,8,8,0,6,75,8,7,63,11,8,98.27586206896551,98.27586206896551,83.33333333333334,83.33333333333334
SimpleCounterBES,9,4edb38a0,0,1.1646368503570557,ok,8,8,0,5,62,8,5,45,11,8,74.13793103448276,74.13793103448276,33.33333333333333,33.33333333333333
SimpleCounterBES,9,14b12950,0,1.227867841720581,ok,8,8,0,5,62,8,5,45,11,8,74.13793103448276,74.13793103448276,33.33333333333333,33.33333333333333
SimpleCounterBES,9,67e358d1,0,1.1147608757019043,ok,8,8,0,6,75,8,7,63,11,8,98.27586206896551,98.27586206896551,83.33333333333334,83.33333333333334
SimpleCounterBES,9,46fcb948,0,1.1655170917510986,ok,8,8,0,5,62,8,5,45,11,8,74.13793103448276,74.13793103448276,33.33333333333333,33.33333333333333
SimpleCounterBES,9,59f169c4,0,1.1103730201721191,ok,8,8,0,6,75,8,7,63,11,8,98.27586206896551,98.27586206896551,83.33333333333334,83.33333333333334
SimpleCounterBES,9,70d7867b,0,1.0214941501617432,ok,8,8,0,6,75,8,7,63,11,8,98.27586206896551,98.27586206896551,83.33333333333334,83.33333333333334
SimpleCounterBES,9,30c8040,0,1.2748160362243652,ok,8,8,0,6,75,8,7,63,11,8,98.27586206896551,98.27586206896551,83.33333333333334,83.33333333333334
SimpleCounterBES,9,4e070c21,0,1.3284878730773926,ok,8,8,0,5,62,8,5,45,11,8,74.13793103448276,74.13793103448276,33.33333333333333,33.33333333333333
SimpleCounterBES,9,3a00372c,0,1.167752981185913,ok,8,8,0,5,62,8,5,45,11,8,74.13793103448276,74.13793103448276,33.33333333333333,33.33333333333333
SimpleCounterBES,9,2a182541,0,1.2813019752502441,ok,8,8,0,6,75,8,7,63,11,8,98.27586206896551,98.27586206896551,83.33333333333334,83.33333333333334
SimpleCounterBES,9,5a315a93,0,1.254594087600708,ok,8,8,0,5,62,8,5,45,11,8,74.13793103448276,74.13793103448276,33.33333333333333,33.33333333333333
SimpleCounterBES,9,7bf974cf,0,1.1503961086273193,ok,8,8,0,5,62,8,5,45,11,8,74.13793103448276,74.13793103448276,33.33333333333333,33.33333333333333
SimpleCounterBES,9,21e237fc,0,1.264070987701416,ok,8,8,0,5,62,8,5,45,11,8,74.13793103448276,74.13793103448276,33.33333333333333,33.33333333333333
SimpleCounterBES,9,62aac55,0,1.2356679439544678,ok,8,8,0,6,75,8,7,63,11,8,98.27586206896551,98.27586206896551,83.33333333333334,83.33333333333334
SimpleCounterBES,9,280660a4,0,1.0797250270843506,ok,8,8,0,5,62,8,5,45,11,8,74.13793103448276,74.13793103448276,33.33333333333333,33.33333333333333
SimpleCounterBES,9,535ece70,0,1.2289249897003174,ok,8,8,0,6,75,8,7,63,11,8,98.27586206896551,98.27586206896551,83.33333333333334,83.33333333333334
SimpleCounterBES,9,5a789997,0,1.1792051792144775,ok,8,8,0,5,62,8,5,45,11,8,74.13793103448276,74.13793103448276,33.33333333333333,33.33333333333333
SimpleCounterBES,9,6faeb2a2,0,1.1465749740600586,ok,8,8,0,5,62,8,5,45,11,8,74.13793103448276,74.13793103448276,33.33333333333333,33.33333333333333
SimpleCounterBES,9,6e9b362a,0,1.1306231021881104,ok,8,8,0,5,62,8,5,45,11,8,74.13793103448276,74.13793103448276,33.33333333333333,33.33333333333333
SimpleCounterBES,9,3c21cdec,0,1.1608240604400635,ok,8,8,0,5,62,8,5,45,11,8,74.13793103448276,74.13793103448276,33.33333333333333,33.33333333333333
SimpleCounterBES,9,a56015,0,1.2157130241394043,ok,8,8,0,5,62,8,5,45,11,8,74.13793103448276,74.13793103448276,33.33333333333333,33.33333333333333
SimpleCounterBES,9,7ebedb2d,0,1.1736819744110107,ok,8,8,0,5,62,8,5,45,11,8,74.13793103448276,74.13793103448276,33.33333333333333,33.33333333333333
SimpleCounterBES,9,78c9c255,0,1.1108620166778564,ok,8,8,0,5,62,8,5,45,11,8,74.13793103448276,74.13793103448276,33.33333333333333,33.33333333333333
SimpleCounterBES,9,2fe027e7,0,1.169625997543335,ok,8,8,0,5,62,8,5,45,11,8,74.13793103448276,74.13793103448276,33.33333333333333,33.33333333333333
SimpleCounterBES,9,6aa60678,0,1.1394531726837158,ok,8,8,0,5,62,8,5,45,11,8,74.13793103448276,74.13793103448276,33.33333333333333,33.33333333333333
SimpleCounterBES,9,4b394050,0,1.1475000381469727,ok,8,8,0,6,75,8,7,63,11,8,98.27586206896551,98.27586206896551,83.33333333333334,83.33333333333334
SimpleCounterBES,9,49ad531c,0,1.2223589420318604,ok,8,8,0,6,75,8,7,63,11,8,98.27586206896551,98.27586206896551,83.33333333333334,83.33333333333334
SimpleCounterBES,10,30db8141,0,1.1197869777679443,ok,8,8,0,5,62,8,5,45,11,8,74.13793103448276,74.13793103448276,33.33333333333333,33.33333333333333
SimpleCounterBES,10,918047c,0,1.180340051651001,ok,8,8,0,6,75,8,7,63,11,8,98.27586206896551,98.27586206896551,83.33333333333334,83.33333333333334
SimpleCounterBES,10,6be65565,0,1.1933557987213135,ok,8,8,0,5,62,8,5,45,11,8,74.13793103448276,74.13793103448276,33.33333333333333,33.33333333333333
SimpleCounterBES,10,6a3e021c,0,1.218897819519043,ok,8,8,0,5,62,8,5,45,11,8,74.13793103448276,74.13793103448276,33.33333333333333,33.33333333333333
SimpleCounterBES,10,2559932f,0,1.1960618495941162,ok,8,8,0,6,75,8,7,63,11,8,98.27586206896551,98.27586206896551,83.33333333333334,83.33333333333334
SimpleCounterBES,10,623325ae,0,1.4355111122131348,ok,8,8,0,6,75,8,7,63,11,8,98.27586206896551,98.27586206896551,83.33333333333334,83.33333333333334
SimpleCounterBES,10,4677ca84,0,1.1685819625854492,ok,8,8,0,6,75,8,7,63,11,8,98.27586206896551,98.27586206896551,83.33333333333334,83.33333333333334
SimpleCounterBES,10,3b95cc86,0,1.1844720840454102,ok,8,8,0,5,62,8,5,45,11,8,74.13793103448276,74.13793103448276,33.33333333333333,33.33333333333333
SimpleCounterBES,10,64ef083c,0,1.2724449634552002,ok,8,8,0,6,75,8,7,63,11,8,98.27586206896551,98.27586206896551,83.33333333333334,83.33333333333334
SimpleCounterBES,10,40a4f310,0,1.0815739631652832,ok,8,8,0,6,75,8,7,63,11,8,98.27586206896551,98.27586206896551,83.33333333333334,83.33333333333334
SimpleCounterBES,10,3a88a337,0,1.1331970691680908,ok,8,8,0,5,62,8,5,45,11,8,74.13793103448276,74.13793103448276,33.33333333333333,33.33333333333333
SimpleCounterBES,10,53a7a3c4,0,1.1322250366210938,ok,8,8,0,5,62,8,5,45,11,8,74.13793103448276,74.13793103448276,33.33333333333333,33.33333333333333
SimpleCounterBES,10,51b92926,0,1.204967975616455,ok,8,8,0,6,75,8,7,63,11,8,98.27586206896551,98.27586206896551,83.33333333333334,83.33333333333334
SimpleCounterBES,10,554703e0,0,1.1171283721923828,ok,8,8,0,6,75,8,7,63,11,8,98.27586206896551,98.27586206896551,83.33333333333334,83.33333333333334
SimpleCounterBES,10,3479fc5f,0,1.1729960441589355,ok,8,8,0,5,62,8,5,45,11,8,74.13793103448276,74.13793103448276,33.33333333333333,33.33333333333333
SimpleCounterBES,10,7969fd44,0,1.1856689453125,ok,8,8,0,5,62,8,5,45,11,8,74.13793103448276,74.13793103448276,33.33333333333333,33.33333333333333
SimpleCounterBES,10,8144e5e,0,1.1142210960388184,ok,8,8,0,5,62,8,5,45,11,8,74.13793103448276,74.13793103448276,33.33333333333333,33.33333333333333
SimpleCounterBES,10,562e67bb,0,1.1762421131134033,ok,8,8,0,5,62,8,5,45,11,8,74.13793103448276,74.13793103448276,33.33333333333333,33.33333333333333
SimpleCounterBES,10,70eb5a17,0,1.110379934310913,ok,8,8,0,6,75,8,7,63,11,8,98.27586206896551,98.27586206896551,83.33333333333334,83.33333333333334
SimpleCounterBES,10,1fb10a6d,0,1.1985862255096436,ok,8,8,0,5,62,8,5,45,11,8,74.13793103448276,74.13793103448276,33.33333333333333,33.33333333333333
SimpleCounterBES,10,20ee3710,0,1.2201368808746338,ok,8,8,0,6,75,8,7,63,11,8,98.27586206896551,98.27586206896551,83.33333333333334,83.33333333333334
SimpleCounterBES,10,175f182b,0,1.1257438659667969,ok,8,8,0,5,62,8,5,45,11,8,74.13793103448276,74.13793103448276,33.33333333333333,33.33333333333333
SimpleCounterBES,10,4c2a96f1,0,1.1897218227386475,ok,8,8,0,6,75,8,7,63,11,8,98.27586206896551,98.27586206896551,83.33333333333334,83.33333333333334
SimpleCounterBES,10,763e140b,0,1.4301369190216064,ok,8,8,0,6,75,8,7,63,11,8,98.27586206896551,98.27586206896551,83.33333333333334,83.33333333333334
SimpleCounterBES,10,65fb15ab,0,1.361665964126587,ok,8,8,0,5,62,8,5,45,11,8,74.13793103448276,74.13793103448276,33.33333333333333,33.33333333333333
SimpleCounterBES,10,7525ce9f,0,1.2569642066955566,ok,8,8,0,5,62,8,5,45,11,8,74.13793103448276,74.13793103448276,33.33333333333333,33.33333333333333
SimpleCounterBES,10,2859ac55,0,1.1594171524047852,ok,8,8,0,5,62,8,5,45,11,8,74.13793103448276,74.13793103448276,33.33333333333333,33.33333333333333
SimpleCounterBES,10,6ad0e1f8,0,1.1876628398895264,ok,8,8,0,5,62,8,5,45,11,8,74.13793103448276,74.13793103448276,33.33333333333333,33.33333333333333
SimpleCounterBES,10,57075d66,0,1.2272350788116455,ok,8,8,0,5,62,8,5,45,11,8,74.13793103448276,74.13793103448276,33.33333333333333,33.33333333333333
SimpleCounterBES,10,2e660832,0,1.1365058422088623,ok,8,8,0,5,62,8,5,45,11,8,74.13793103448276,74.13793103448276,33.33333333333333,33.33333333333333
